<?xml version="1.0" encoding="UTF-8"?><?xml-stylesheet type='text/xsl' href='_UpgradeReport_Files/UpgradeReport.xslt'?><UpgradeLog>
<Properties><Property Name="Solution" Value="SyncModelRun">
</Property><Property Name="Solution File" Value="C:\projects\test_dsOilamp\SyncModelRun\SyncModelRun.sln">
</Property><Property Name="Date" Value="Friday, March 28, 2014">
</Property><Property Name="Time" Value="14:23 PM">
</Property><Property Name="Log Number" Value="2">
</Property></Properties><Event ErrorLevel="0" Project="NowcastingDownloader" Source="NowcastingDownloader\NowcastingDownloader.csproj" Description="The project file does not require conversion.">
</Event><Event ErrorLevel="3" Project="NowcastingDownloader" Source="NowcastingDownloader\NowcastingDownloader.csproj" Description="No Conversion Required">
</Event><Event ErrorLevel="0" Project="GetFates" Source="GetFates\GetFates.csproj" Description="The project file does not require conversion.">
</Event><Event ErrorLevel="3" Project="GetFates" Source="GetFates\GetFates.csproj" Description="No Conversion Required">
</Event><Event ErrorLevel="0" Project="" Source="SyncModelRun.sln" Description="Solution converted successfully">
</Event><Event ErrorLevel="3" Project="" Source="SyncModelRun.sln" Description="Converted">
</Event></UpgradeLog>